{"lastDeploymentHandler":"speromeliora.demo.CreateProjectHandler","lastInvokeHandler":null,"handlerMetadata":{"speromeliora.demo.ProjectHandler":{"deployment":{"regionId":"us-east-2","awsLambdaFunctionName":"createProject","awsIamRoleName":"developer","awsS3BucketName":"3733speromeliora","memory":0,"timeout":0},"invoke":null},"speromeliora.demo.CreateProjectHandler":{"deployment":{"regionId":"us-east-2","awsLambdaFunctionName":"getProject","awsIamRoleName":"developer","awsS3BucketName":"3733speromeliora","memory":0,"timeout":0},"invoke":null}},"lastInvokedHandlerDeployed":false}